{"action_diffs": [0.0, 0.001672443118877709, 0.0051393588073551655, 0.007985811680555344, 0.008447565138339996, 0.011089569889008999, 0.009469006210565567, 0.010518990457057953, 0.01049391645938158, 0.009654425084590912, 0.011555291712284088, 0.014485955238342285, 0.0133550725877285, 0.01227907557040453, 0.012866411358118057, 0.012175695039331913, 0.012224603444337845, 0.010381401516497135, 0.011448579840362072, 0.012875867076218128, 0.011502813547849655, 0.013962549157440662, 0.012889925390481949, 0.011166359297931194], "baseline_diffs": [0.0, 0.001218588906340301, 0.004369279369711876, 0.005515543278306723, 0.006593851838260889, 0.007696013897657394, 0.006412001792341471, 0.006593851372599602, 0.007842318154871464, 0.007288773078471422, 0.008557308465242386, 0.009642397053539753, 0.0099638095125556, 0.008126052096486092, 0.009167619980871677, 0.0076504177413880825, 0.00938890129327774, 0.007278961595147848, 0.008468806743621826, 0.010983875952661037, 0.009425424039363861, 0.011685279197990894, 0.01158887892961502, 0.009421913884580135], "n_frames": 24}